,test_msd,train_jamendo
alternative,1686,2225
ambient,855,4185
chillout,757,2285
dance,1456,1702
electronic,2605,10034
experimental,747,2099
folk,1266,1399
funk,688,593
guitar,351,2915
happy,94,927
house,435,1488
indie,2709,1514
jazz,2565,1296
metal,1013,809
pop,3041,4523
rock,4232,3995
